store_name,store_product_id,product_name,brand_name,available,expected_restock,barcode,unit_price,unit_type,unit_step,is_discounted,original_unit_price,secondary_unit_price,secondary_unit_type,secondary_unit_step,image_urls,description,categories,name_norm,barcode_norm,id_norm,image_first,category_norm,category_base,price_num
Spar,670fdbfca1b61551859c69cd,Akácméz 250 g,,True,,5998150510133,1799.0,g,250.0,False,,,,,https://imageproxy.wolt.com/assets/689b888df18c6aaa8030a539,,mez-80,akácméz 250 g,5998150510133,670fdbfca1b61551859c69cd,https://imageproxy.wolt.com/assets/689b888df18c6aaa8030a539,mez-80,mez,1799.0
Spar,670fdbfca1b61551859c6fb4,Akácméz 250 g,,True,,5998150512502,1849.0,g,250.0,False,,,,,https://imageproxy.wolt.com/assets/689b888df18c6aaa8030a538,,mez-80,akácméz 250 g,5998150512502,670fdbfca1b61551859c6fb4,https://imageproxy.wolt.com/assets/689b888df18c6aaa8030a538,mez-80,mez,1849.0
Spar,670fdbfca1b61551859c7c46,Akácméz 900 g,,True,,5998035100244,4699.0,g,900.0,False,,,,,https://imageproxy.wolt.com/assets/689b87bef18c6aaa8030a402,,mez-80,akácméz 900 g,5998035100244,670fdbfca1b61551859c7c46,https://imageproxy.wolt.com/assets/689b87bef18c6aaa8030a402,mez-80,mez,4699.0
Spar,670fdbfca1b61551859c6c87,Akácméz 900 g,,True,,5998150510072,4399.0,g,900.0,False,,,,,https://imageproxy.wolt.com/assets/689b888df18c6aaa8030a537,,mez-80,akácméz 900 g,5998150510072,670fdbfca1b61551859c6c87,https://imageproxy.wolt.com/assets/689b888df18c6aaa8030a537,mez-80,mez,4399.0
Spar,670fdbfda1b61551859c82b2,"Arany Ászok tradicionális világos sör 4,3% 0,5 l",,True,,5998817312964,439.0,ml,500.0,False,,,,,https://imageproxy.wolt.com/assets/689b8df6f18c6aaa8030af1e,,vilagos-sor-231,"arany ászok tradicionális világos sör 4,3% 0,5 l",5998817312964,670fdbfda1b61551859c82b2,https://imageproxy.wolt.com/assets/689b8df6f18c6aaa8030af1e,vilagos-sor-231,vilagos-sor,439.0
Spar,67f43d94214a30f586c11380,"Arany Ászok tradicionális világos sör 4,3% 0,5 l",,False,,5998817312971,394.0,ml,500.0,False,,,,,https://imageproxy.wolt.com/assets/689b8df4f18c6aaa8030af1a,,vilagos-sor-231,"arany ászok tradicionális világos sör 4,3% 0,5 l",5998817312971,67f43d94214a30f586c11380,https://imageproxy.wolt.com/assets/689b8df4f18c6aaa8030af1a,vilagos-sor-231,vilagos-sor,394.0
Spar,670fdbfda1b61551859c8519,Biopont bio gluténmentes sóspálcika 45 g,,True,,5998858706562,399.0,g,45.0,False,,,,,https://imageproxy.wolt.com/assets/667942257cb0090848aca0e0,,glutenmentes-85,biopont bio gluténmentes sóspálcika 45 g,5998858706562,670fdbfda1b61551859c8519,https://imageproxy.wolt.com/assets/667942257cb0090848aca0e0,glutenmentes-85,glutenmentes,399.0
Spar,670fdbfca1b61551859c76fe,Biopont bio gluténmentes sóspálcika 45 g,,True,,5998858706579,399.0,g,45.0,False,,,,,https://imageproxy.wolt.com/assets/6679420865e31436d80aa919,,glutenmentes-85,biopont bio gluténmentes sóspálcika 45 g,5998858706579,670fdbfca1b61551859c76fe,https://imageproxy.wolt.com/assets/6679420865e31436d80aa919,glutenmentes-85,glutenmentes,399.0
Spar,67ad259dd95b3961e2187e0e,"Borsodi világos sör 4,5% 0,5 l",,True,,59969921,439.0,ml,500.0,False,,,,,https://imageproxy.wolt.com/assets/689b7ff09bbcfa1dc39bc03e;https://imageproxy.wolt.com/assets/689b7ff19bbcfa1dc39bc042,,vilagos-sor-231,"borsodi világos sör 4,5% 0,5 l",59969921,67ad259dd95b3961e2187e0e,https://imageproxy.wolt.com/assets/689b7ff09bbcfa1dc39bc03e,vilagos-sor-231,vilagos-sor,439.0
Spar,670fdbfca1b61551859c6c08,"Borsodi világos sör 4,5% 0,5 l",,True,,5998817520567,414.0,ml,500.0,False,,,,,https://imageproxy.wolt.com/assets/689b8e029bbcfa1dc39bc724;https://imageproxy.wolt.com/assets/689b8e039bbcfa1dc39bc728,,vilagos-sor-231,"borsodi világos sör 4,5% 0,5 l",5998817520567,670fdbfca1b61551859c6c08,https://imageproxy.wolt.com/assets/689b8e029bbcfa1dc39bc724,vilagos-sor-231,vilagos-sor,414.0
Spar,670fdbfca1b61551859c6f61,DESPAR paradicsompüré 690 g,,True,,8001300223016,749.0,g,690.0,False,,,,,https://imageproxy.wolt.com/assets/689b9f6487a8f04a4a7db13d;https://imageproxy.wolt.com/assets/689b9f6587a8f04a4a7db141,,paradicsompure-pesto-egyeb-olasz-szoszok-154,despar paradicsompüré 690 g,8001300223016,670fdbfca1b61551859c6f61,https://imageproxy.wolt.com/assets/689b9f6487a8f04a4a7db13d,paradicsompure-pesto-egyeb-olasz-szoszok-154,paradicsompure-pesto-egyeb-olasz-szoszok,749.0
Spar,670fdbfca1b61551859c6f5a,DESPAR paradicsompüré 690 g,,True,,8001300223078,749.0,g,690.0,False,,,,,https://imageproxy.wolt.com/assets/689b9f6487a8f04a4a7db13b;https://imageproxy.wolt.com/assets/689b9f6487a8f04a4a7db140,,paradicsompure-pesto-egyeb-olasz-szoszok-154,despar paradicsompüré 690 g,8001300223078,670fdbfca1b61551859c6f5a,https://imageproxy.wolt.com/assets/689b9f6487a8f04a4a7db13b,paradicsompure-pesto-egyeb-olasz-szoszok-154,paradicsompure-pesto-egyeb-olasz-szoszok,749.0
Spar,670fdbfca1b61551859c800e,Dr. Oetker Vitalis csokoládés rizskása alappor 52 g,,True,,5997381373197,399.0,g,52.0,False,,,,,https://imageproxy.wolt.com/assets/689b83bf87a8f04a4a7d95a4,,zabpehely-zabkasa-rizskasa-70,dr. oetker vitalis csokoládés rizskása alappor 52 g,5997381373197,670fdbfca1b61551859c800e,https://imageproxy.wolt.com/assets/689b83bf87a8f04a4a7d95a4,zabpehely-zabkasa-rizskasa-70,zabpehely-zabkasa-rizskasa,399.0
Spar,68d30ba05f1e50d78a105e54,Dr. Oetker Vitalis csokoládés rizskása alappor 52 g,,True,,5997381376389,349.0,g,52.0,False,,,,,https://imageproxy.wolt.com/assets/68ac6eda2f2683b7eadfe3ea,,alapporok-170,dr. oetker vitalis csokoládés rizskása alappor 52 g,5997381376389,68d30ba05f1e50d78a105e54,https://imageproxy.wolt.com/assets/68ac6eda2f2683b7eadfe3ea,alapporok-170,alapporok,349.0
Spar,670fdbfca1b61551859c7851,"Dreher Gold minőségi világos sör 5% 0,5 l",,True,,5998817312063,424.0,ml,500.0,False,,,,,https://imageproxy.wolt.com/assets/679a5314a5bbf47476d808fe,,vilagos-sor-231,"dreher gold minőségi világos sör 5% 0,5 l",5998817312063,670fdbfca1b61551859c7851,https://imageproxy.wolt.com/assets/679a5314a5bbf47476d808fe,vilagos-sor-231,vilagos-sor,424.0
Spar,670fdbfda1b61551859c82e1,"Dreher Gold minőségi világos sör 5% 0,5 l",,True,,5998817313015,469.0,ml,500.0,False,,,,,https://imageproxy.wolt.com/assets/689b8df6f18c6aaa8030af1d,,vilagos-sor-231,"dreher gold minőségi világos sör 5% 0,5 l",5998817313015,670fdbfda1b61551859c82e1,https://imageproxy.wolt.com/assets/689b8df6f18c6aaa8030af1d,vilagos-sor-231,vilagos-sor,469.0
Spar,68d30ba05f1e50d78a105d99,Félbarna kenyér 500 g,,False,,5999555260104,449.0,g,500.0,False,,,,,https://imageproxy.wolt.com/assets/689b9812f18c6aaa8030bce6,,kenyerek-27,félbarna kenyér 500 g,5999555260104,68d30ba05f1e50d78a105d99,https://imageproxy.wolt.com/assets/689b9812f18c6aaa8030bce6,kenyerek-27,kenyerek,449.0
Spar,68d30ba05f1e50d78a105d23,Félbarna kenyér 500 g,,False,,5999555260142,549.0,g,500.0,False,,,,,https://imageproxy.wolt.com/assets/689b9811f18c6aaa8030bce4,,kenyerek-27,félbarna kenyér 500 g,5999555260142,68d30ba05f1e50d78a105d23,https://imageproxy.wolt.com/assets/689b9811f18c6aaa8030bce4,kenyerek-27,kenyerek,549.0
Spar,670fdbfca1b61551859c7292,Gárdonyi Teaház gyümölcstea válogatás 20 filter 40 g,,True,,5997505321400,829.0,g,40.0,False,,,,,https://imageproxy.wolt.com/assets/689b850087a8f04a4a7d9854;https://imageproxy.wolt.com/assets/689b850287a8f04a4a7d985a,,gyumolcsteak-288,gárdonyi teaház gyümölcstea válogatás 20 filter 40 g,5997505321400,670fdbfca1b61551859c7292,https://imageproxy.wolt.com/assets/689b850087a8f04a4a7d9854,gyumolcsteak-288,gyumolcsteak,829.0
Spar,670fdbfca1b61551859c74f6,Gárdonyi Teaház gyümölcstea válogatás 20 filter 40 g,,True,,5997505321608,829.0,g,40.0,False,,,,,https://imageproxy.wolt.com/assets/689b850487a8f04a4a7d9860;https://imageproxy.wolt.com/assets/689b850587a8f04a4a7d9865,,gyumolcsteak-288,gárdonyi teaház gyümölcstea válogatás 20 filter 40 g,5997505321608,670fdbfca1b61551859c74f6,https://imageproxy.wolt.com/assets/689b850487a8f04a4a7d9860,gyumolcsteak-288,gyumolcsteak,829.0
Spar,670fdbfca1b61551859c758a,Hey-Ho almaital 1 l,,True,,9008700179003,499.0,ml,1000.0,False,,,,,https://imageproxy.wolt.com/assets/689ba99f9bbcfa1dc39be0ea;https://imageproxy.wolt.com/assets/689ba9a09bbcfa1dc39be0ed,,szensavmentes-uditoitalok-140,hey-ho almaital 1 l,9008700179003,670fdbfca1b61551859c758a,https://imageproxy.wolt.com/assets/689ba99f9bbcfa1dc39be0ea,szensavmentes-uditoitalok-140,szensavmentes-uditoitalok,499.0
Spar,670fdbfca1b61551859c7585,Hey-Ho almaital 1 l,,True,,9008700179102,649.0,ml,1000.0,False,,,,,https://imageproxy.wolt.com/assets/689ba9a287a8f04a4a7dbe33;https://imageproxy.wolt.com/assets/689ba9a387a8f04a4a7dbe36,,szensavmentes-uditoitalok-140,hey-ho almaital 1 l,9008700179102,670fdbfca1b61551859c7585,https://imageproxy.wolt.com/assets/689ba9a287a8f04a4a7dbe33,szensavmentes-uditoitalok-140,szensavmentes-uditoitalok,649.0
Spar,670fdbfca1b61551859c758c,Hey-Ho őszibarackital 1 l,,True,,9008700179027,499.0,ml,1000.0,False,,,,,https://imageproxy.wolt.com/assets/689ba99f9bbcfa1dc39be0ec;https://imageproxy.wolt.com/assets/689ba9a09bbcfa1dc39be0ef,,szensavmentes-uditoitalok-140,hey-ho őszibarackital 1 l,9008700179027,670fdbfca1b61551859c758c,https://imageproxy.wolt.com/assets/689ba99f9bbcfa1dc39be0ec,szensavmentes-uditoitalok-140,szensavmentes-uditoitalok,499.0
Spar,670fdbfca1b61551859c7587,Hey-Ho őszibarackital 1 l,,True,,9008700179140,649.0,ml,1000.0,False,,,,,https://imageproxy.wolt.com/assets/689ba9a287a8f04a4a7dbe30;https://imageproxy.wolt.com/assets/689ba9a387a8f04a4a7dbe35,,szensavmentes-uditoitalok-140,hey-ho őszibarackital 1 l,9008700179140,670fdbfca1b61551859c7587,https://imageproxy.wolt.com/assets/689ba9a287a8f04a4a7dbe30,szensavmentes-uditoitalok-140,szensavmentes-uditoitalok,649.0
Spar,67ad259dd95b3961e21877b5,Juhász Egri Bikavér száraz vörösbor 13% 750 ml,,True,,5999881815269,2199.0,ml,750.0,False,,,,,https://imageproxy.wolt.com/assets/689b9bdcf18c6aaa8030c368;https://imageproxy.wolt.com/assets/689b9bddf18c6aaa8030c36d,,voros-bor-191,juhász egri bikavér száraz vörösbor 13% 750 ml,5999881815269,67ad259dd95b3961e21877b5,https://imageproxy.wolt.com/assets/689b9bdcf18c6aaa8030c368,voros-bor-191,voros-bor,2199.0
Spar,67ad259dd95b3961e2187770,Juhász Egri Bikavér száraz vörösbor 13% 750 ml,,True,,5999881815740,1849.0,ml,750.0,False,,,,,https://imageproxy.wolt.com/assets/689b9be487a8f04a4a7dac94;https://imageproxy.wolt.com/assets/689b9be487a8f04a4a7dac98,,voros-bor-191,juhász egri bikavér száraz vörösbor 13% 750 ml,5999881815740,67ad259dd95b3961e2187770,https://imageproxy.wolt.com/assets/689b9be487a8f04a4a7dac94,voros-bor-191,voros-bor,1849.0
Spar,670fdbfda1b61551859c82c5,"Kőbányai világos sör 4,3% 0,5 l",,True,,5998817313404,429.0,ml,500.0,False,,,,,https://imageproxy.wolt.com/assets/689b8dfcf18c6aaa8030af25;https://imageproxy.wolt.com/assets/689b8dfef18c6aaa8030af27,,vilagos-sor-231,"kőbányai világos sör 4,3% 0,5 l",5998817313404,670fdbfda1b61551859c82c5,https://imageproxy.wolt.com/assets/689b8dfcf18c6aaa8030af25,vilagos-sor-231,vilagos-sor,429.0
Spar,67f43d94214a30f586c11381,"Kőbányai világos sör 4,3% 0,5 l",,False,,5998817313442,384.0,ml,500.0,False,,,,,https://imageproxy.wolt.com/assets/689b8dfe9bbcfa1dc39bc71d;https://imageproxy.wolt.com/assets/689b8dff9bbcfa1dc39bc721,,vilagos-sor-231,"kőbányai világos sör 4,3% 0,5 l",5998817313442,67f43d94214a30f586c11381,https://imageproxy.wolt.com/assets/689b8dfe9bbcfa1dc39bc71d,vilagos-sor-231,vilagos-sor,384.0
Spar,670fdbfca1b61551859c7726,Lindt Lindor tejcsokoládé lágyan olvadó töltelékkel 38 g,,True,,4000539397240,579.0,g,38.0,False,,,,,https://imageproxy.wolt.com/assets/689b6cd7f18c6aaa80308abe,,csokolade-105,lindt lindor tejcsokoládé lágyan olvadó töltelékkel 38 g,4000539397240,670fdbfca1b61551859c7726,https://imageproxy.wolt.com/assets/689b6cd7f18c6aaa80308abe,csokolade-105,csokolade,579.0
Spar,670fdbfca1b61551859c6a7f,Lindt Lindor tejcsokoládé lágyan olvadó töltelékkel 38 g,,True,,4000539397585,579.0,g,38.0,False,,,,,https://imageproxy.wolt.com/assets/689b71faf18c6aaa80309255,,csokolade-105,lindt lindor tejcsokoládé lágyan olvadó töltelékkel 38 g,4000539397585,670fdbfca1b61551859c6a7f,https://imageproxy.wolt.com/assets/689b71faf18c6aaa80309255,csokolade-105,csokolade,579.0
Spar,67ad259dd95b3961e2187a49,PICK szeletelt eredeti téliszalámi 70 g,,True,,5998003124043,899.0,g,70.0,False,,,db,1.0,https://imageproxy.wolt.com/assets/68d536b935cd665795fd48b6;https://imageproxy.wolt.com/assets/68d536b935cd665795fd48b7,,szalami-242,pick szeletelt eredeti téliszalámi 70 g,5998003124043,67ad259dd95b3961e2187a49,https://imageproxy.wolt.com/assets/68d536b935cd665795fd48b6,szalami-242,szalami,899.0
Spar,67ad259dd95b3961e2187a3b,PICK szeletelt eredeti téliszalámi 70 g,,True,,5998003124104,899.0,g,70.0,False,,,,,https://imageproxy.wolt.com/assets/689bb61f87a8f04a4a7de26e;https://imageproxy.wolt.com/assets/689bb620f18c6aaa8030d6d1,,szalami-242,pick szeletelt eredeti téliszalámi 70 g,5998003124104,67ad259dd95b3961e2187a3b,https://imageproxy.wolt.com/assets/689bb61f87a8f04a4a7de26e,szalami-242,szalami,899.0
Spar,67ad259dd95b3961e2187e08,"Pilsner Urquell minőségi világos sör 4,4% 0,5 l",,True,,8594404023380,549.0,ml,500.0,False,,,,,https://imageproxy.wolt.com/assets/689ba47a9bbcfa1dc39bd8a0,,vilagos-sor-231,"pilsner urquell minőségi világos sör 4,4% 0,5 l",8594404023380,67ad259dd95b3961e2187e08,https://imageproxy.wolt.com/assets/689ba47a9bbcfa1dc39bd8a0,vilagos-sor-231,vilagos-sor,549.0
Spar,670fdbfca1b61551859c6d12,"Pilsner Urquell minőségi világos sör 4,4% 0,5 l",,True,,8594404110110,504.0,ml,500.0,False,,,,,https://imageproxy.wolt.com/assets/679a530ba5bbf47476d808e7,,vilagos-sor-231,"pilsner urquell minőségi világos sör 4,4% 0,5 l",8594404110110,670fdbfca1b61551859c6d12,https://imageproxy.wolt.com/assets/679a530ba5bbf47476d808e7,vilagos-sor-231,vilagos-sor,504.0
Spar,670fdbfca1b61551859c75e9,REGNUM szeletelt prágai sonka 100 g,,False,,5999033873536,639.0,g,100.0,False,,,,,https://imageproxy.wolt.com/assets/6679393935e1b1789b047351,,sonka-65,regnum szeletelt prágai sonka 100 g,5999033873536,670fdbfca1b61551859c75e9,https://imageproxy.wolt.com/assets/6679393935e1b1789b047351,sonka-65,sonka,639.0
Spar,670fdbfca1b61551859c75e8,REGNUM szeletelt prágai sonka 100 g,,True,,5999033899598,569.0,g,100.0,False,,,,,https://imageproxy.wolt.com/assets/689b93af87a8f04a4a7da741,,sonka-65,regnum szeletelt prágai sonka 100 g,5999033899598,670fdbfca1b61551859c75e8,https://imageproxy.wolt.com/assets/689b93af87a8f04a4a7da741,sonka-65,sonka,569.0
Spar,670fdbfca1b61551859c7154,S-Budget sertés darálthús 900 g,,False,,5999033800402,939.0,g,900.0,False,,,,,https://imageproxy.wolt.com/assets/689b8fb9f18c6aaa8030b2e6;https://imageproxy.wolt.com/assets/689b8fb9f18c6aaa8030b2e7,,daralthus-124,s-budget sertés darálthús 900 g,5999033800402,670fdbfca1b61551859c7154,https://imageproxy.wolt.com/assets/689b8fb9f18c6aaa8030b2e6,daralthus-124,daralthus,939.0
Spar,670fdbfca1b61551859c77c2,S-Budget sertés darálthús 900 g,,False,,5999033810241,1759.0,g,900.0,False,,,,,https://imageproxy.wolt.com/assets/689b8fbb9bbcfa1dc39bc8b8;https://imageproxy.wolt.com/assets/689b8fbc9bbcfa1dc39bc8bc,,daralthus-124,s-budget sertés darálthús 900 g,5999033810241,670fdbfca1b61551859c77c2,https://imageproxy.wolt.com/assets/689b8fbb9bbcfa1dc39bc8b8,daralthus-124,daralthus,1759.0
Spar,670fdbfca1b61551859c7784,SPAR Natur*pur Bio zabpehely 500 g,,True,,9100000441207,799.0,g,500.0,False,,,,,https://imageproxy.wolt.com/assets/689baa8d9bbcfa1dc39be28a;https://imageproxy.wolt.com/assets/689baa8e9bbcfa1dc39be28f,,bio-83,spar natur*pur bio zabpehely 500 g,9100000441207,670fdbfca1b61551859c7784,https://imageproxy.wolt.com/assets/689baa8d9bbcfa1dc39be28a,bio-83,bio,799.0
Spar,670fdbfca1b61551859c7446,SPAR Natur*pur Bio zabpehely 500 g,,True,,9100000441221,899.0,g,500.0,False,,,,,https://imageproxy.wolt.com/assets/689baa9187a8f04a4a7dc000;https://imageproxy.wolt.com/assets/689baa9187a8f04a4a7dc005,,bio-83,spar natur*pur bio zabpehely 500 g,9100000441221,670fdbfca1b61551859c7446,https://imageproxy.wolt.com/assets/689baa9187a8f04a4a7dc000,bio-83,bio,899.0
Spar,67ad259dd95b3961e2187dc7,"Staropramen Dark minőségi barna sör 4,4% 0,5 l",,True,,5998817530986,489.0,ml,500.0,False,,,,,https://imageproxy.wolt.com/assets/68caaa2d96bcfcad1bd5b4b8;https://imageproxy.wolt.com/assets/68caaa2d96bcfcad1bd5b4ba,,barna-sor-232,"staropramen dark minőségi barna sör 4,4% 0,5 l",5998817530986,67ad259dd95b3961e2187dc7,https://imageproxy.wolt.com/assets/68caaa2d96bcfcad1bd5b4b8,barna-sor-232,barna-sor,489.0
Spar,670fdbfca1b61551859c6dfe,"Staropramen Dark minőségi barna sör 4,4% 0,5 l",,True,,8593868002283,474.0,ml,500.0,False,,,,,https://imageproxy.wolt.com/assets/689ba4009bbcfa1dc39bd824;https://imageproxy.wolt.com/assets/689ba4019bbcfa1dc39bd828,,barna-sor-232,"staropramen dark minőségi barna sör 4,4% 0,5 l",8593868002283,670fdbfca1b61551859c6dfe,https://imageproxy.wolt.com/assets/689ba4009bbcfa1dc39bd824,barna-sor-232,barna-sor,474.0
Spar,67cf61ff9cbadcab2f58129d,"Stella Artois minőségi világos sör 5% 0,33 l",,True,,5998817522271,424.0,ml,330.0,False,,,,,https://imageproxy.wolt.com/assets/689b8e16f18c6aaa8030af4c;https://imageproxy.wolt.com/assets/689b8e17f18c6aaa8030af50,,vilagos-sor-231,"stella artois minőségi világos sör 5% 0,33 l",5998817522271,67cf61ff9cbadcab2f58129d,https://imageproxy.wolt.com/assets/689b8e16f18c6aaa8030af4c,vilagos-sor-231,vilagos-sor,424.0
Spar,67ad259dd95b3961e2187e18,"Stella Artois minőségi világos sör 5% 0,33 l",,True,,5998817531181,419.0,ml,330.0,False,,,,,https://imageproxy.wolt.com/assets/689b8e4df18c6aaa8030afb9;https://imageproxy.wolt.com/assets/689b8e4ef18c6aaa8030afbe,,vilagos-sor-231,"stella artois minőségi világos sör 5% 0,33 l",5998817531181,67ad259dd95b3961e2187e18,https://imageproxy.wolt.com/assets/689b8e4df18c6aaa8030afb9,vilagos-sor-231,vilagos-sor,419.0
Spar,670fdbfca1b61551859c74cd,Sóland Himalája étkezési kristálysó 1 kg,,True,,5997973108725,1090.0,g,1000.0,False,,,,,https://imageproxy.wolt.com/assets/689b86b6f18c6aaa8030a26f,,so-fuszerso-295,sóland himalája étkezési kristálysó 1 kg,5997973108725,670fdbfca1b61551859c74cd,https://imageproxy.wolt.com/assets/689b86b6f18c6aaa8030a26f,so-fuszerso-295,so-fuszerso,1090.0
Spar,670fdbfca1b61551859c7161,Sóland Himalája étkezési kristálysó 1 kg,,True,,5997973113613,1090.0,g,1000.0,False,,,,,https://imageproxy.wolt.com/assets/689b86b787a8f04a4a7d9bdb,,etelizesito-leveskocka-102,sóland himalája étkezési kristálysó 1 kg,5997973113613,670fdbfca1b61551859c7161,https://imageproxy.wolt.com/assets/689b86b787a8f04a4a7d9bdb,etelizesito-leveskocka-102,etelizesito-leveskocka,1090.0
Spar,670fdbfca1b61551859c778c,Tchibo Cafissimo Caffè Crema Rich Aroma kávékapszula 30 db 228 g,,False,,4046234921076,5299.0,g,228.0,False,,,,,https://imageproxy.wolt.com/assets/689b6bfc87a8f04a4a7d76d5;https://imageproxy.wolt.com/assets/689b6bfd87a8f04a4a7d76d9,,kapszulas-kave-283,tchibo cafissimo caffè crema rich aroma kávékapszula 30 db 228 g,4046234921076,670fdbfca1b61551859c778c,https://imageproxy.wolt.com/assets/689b6bfc87a8f04a4a7d76d5,kapszulas-kave-283,kapszulas-kave,5299.0
Spar,68d30ba05f1e50d78a105ea1,Tchibo Cafissimo Caffè Crema Rich Aroma kávékapszula 30 db 228 g,,True,,4061445355267,5299.0,g,228.0,False,,,db,1.0,https://imageproxy.wolt.com/assets/689bb26287a8f04a4a7dd6bd,,kapszulas-kave-283,tchibo cafissimo caffè crema rich aroma kávékapszula 30 db 228 g,4061445355267,68d30ba05f1e50d78a105ea1,https://imageproxy.wolt.com/assets/689bb26287a8f04a4a7dd6bd,kapszulas-kave-283,kapszulas-kave,5299.0
Spar,67ad259dd95b3961e21877b6,Törley alkoholmentes borból készült habzó ital 750 ml,,True,,5999136650935,1949.0,ml,750.0,False,,,,,https://imageproxy.wolt.com/assets/689b955d87a8f04a4a7daa54;https://imageproxy.wolt.com/assets/689b955e87a8f04a4a7daa5a,,alkoholmentes-pezsgo-187,törley alkoholmentes borból készült habzó ital 750 ml,5999136650935,67ad259dd95b3961e21877b6,https://imageproxy.wolt.com/assets/689b955d87a8f04a4a7daa54,alkoholmentes-pezsgo-187,alkoholmentes-pezsgo,1949.0
Spar,67ad259dd95b3961e2187734,Törley alkoholmentes borból készült habzó ital 750 ml,,True,,5999136650942,1949.0,ml,750.0,False,,,,,https://imageproxy.wolt.com/assets/689b955f9bbcfa1dc39bcbdc;https://imageproxy.wolt.com/assets/689b95609bbcfa1dc39bcbe0,,alkoholmentes-pezsgo-187,törley alkoholmentes borból készült habzó ital 750 ml,5999136650942,67ad259dd95b3961e2187734,https://imageproxy.wolt.com/assets/689b955f9bbcfa1dc39bcbdc,alkoholmentes-pezsgo-187,alkoholmentes-pezsgo,1949.0
Spar,670fdbfca1b61551859c6a19,Virágméz 250 g,,True,,5998150520132,999.0,g,250.0,False,,,,,https://imageproxy.wolt.com/assets/689b888ff18c6aaa8030a53b,,mez-80,virágméz 250 g,5998150520132,670fdbfca1b61551859c6a19,https://imageproxy.wolt.com/assets/689b888ff18c6aaa8030a53b,mez-80,mez,999.0
Spar,670fdbfca1b61551859c6fb3,Virágméz 250 g,,True,,5998150522501,1299.0,g,250.0,False,,,,,https://imageproxy.wolt.com/assets/689b888ff18c6aaa8030a53c,,mez-80,virágméz 250 g,5998150522501,670fdbfca1b61551859c6fb3,https://imageproxy.wolt.com/assets/689b888ff18c6aaa8030a53c,mez-80,mez,1299.0
Spar,670fdbfca1b61551859c7aa3,Virágméz 900 g,,False,,5998035100046,2799.0,g,900.0,False,,,,,https://imageproxy.wolt.com/assets/689b87bc87a8f04a4a7d9d8d,,mez-80,virágméz 900 g,5998035100046,670fdbfca1b61551859c7aa3,https://imageproxy.wolt.com/assets/689b87bc87a8f04a4a7d9d8d,mez-80,mez,2799.0
Spar,670fdbfca1b61551859c6c88,Virágméz 900 g,,True,,5998150520071,2899.0,g,900.0,False,,,,,https://imageproxy.wolt.com/assets/689b888ff18c6aaa8030a53d,,mez-80,virágméz 900 g,5998150520071,670fdbfca1b61551859c6c88,https://imageproxy.wolt.com/assets/689b888ff18c6aaa8030a53d,mez-80,mez,2899.0
Spar,670fdbfca1b61551859c7298,Zott Jogobella joghurtos ital 250 g,,True,,4014500504520,319.0,g,250.0,False,,,,,https://imageproxy.wolt.com/assets/689b729787a8f04a4a7d7b10,,joghurtitalok-56,zott jogobella joghurtos ital 250 g,4014500504520,670fdbfca1b61551859c7298,https://imageproxy.wolt.com/assets/689b729787a8f04a4a7d7b10,joghurtitalok-56,joghurtitalok,319.0
Spar,670fdbfca1b61551859c7299,Zott Jogobella joghurtos ital 250 g,,True,,4014500504537,319.0,g,250.0,False,,,,,https://imageproxy.wolt.com/assets/689b729687a8f04a4a7d7b0f,,joghurtitalok-56,zott jogobella joghurtos ital 250 g,4014500504537,670fdbfca1b61551859c7299,https://imageproxy.wolt.com/assets/689b729687a8f04a4a7d7b0f,joghurtitalok-56,joghurtitalok,319.0
Spar,683e12d933dc8d5f07e6e90f,Zott Jogobella laktózmentes élőflórás joghurt 150 g,,True,,4014500517360,158.0,g,150.0,False,,,,,https://wolt-menu-images-cdn.wolt.com/menu-images/66544565d6a91b4d1392d750/05349e10-954a-11f0-ac5a-aeb8d2c4c035_464176006.jpg,,laktozmentes-termekek-59,zott jogobella laktózmentes élőflórás joghurt 150 g,4014500517360,683e12d933dc8d5f07e6e90f,https://wolt-menu-images-cdn.wolt.com/menu-images/66544565d6a91b4d1392d750/05349e10-954a-11f0-ac5a-aeb8d2c4c035_464176006.jpg,laktozmentes-termekek-59,laktozmentes-termekek,158.0
Spar,683e12d933dc8d5f07e6e936,Zott Jogobella laktózmentes élőflórás joghurt 150 g,,True,,4014500518855,158.0,g,150.0,False,,,,,https://wolt-menu-images-cdn.wolt.com/menu-images/66544565d6a91b4d1392d750/3834b43a-954a-11f0-b757-9edb1764b31c_511711006.jpg,,izesitett-joghurt-280,zott jogobella laktózmentes élőflórás joghurt 150 g,4014500518855,683e12d933dc8d5f07e6e936,https://wolt-menu-images-cdn.wolt.com/menu-images/66544565d6a91b4d1392d750/3834b43a-954a-11f0-b757-9edb1764b31c_511711006.jpg,izesitett-joghurt-280,izesitett-joghurt,158.0
Spar,68d30ba05f1e50d78a105d57,Zott Jogobella élőflórás joghurt 150 g,,True,,4014500512907,151.0,g,150.0,False,,,,,https://imageproxy.wolt.com/assets/689b6ba387a8f04a4a7d75a8,,izesitett-joghurt-280,zott jogobella élőflórás joghurt 150 g,4014500512907,68d30ba05f1e50d78a105d57,https://imageproxy.wolt.com/assets/689b6ba387a8f04a4a7d75a8,izesitett-joghurt-280,izesitett-joghurt,151.0
Spar,670fdbfca1b61551859c7035,Zott Jogobella élőflórás joghurt 150 g,,True,,4014500512976,151.0,g,150.0,False,,,,,https://wolt-menu-images-cdn.wolt.com/menu-images/66544565d6a91b4d1392d750/c9bb5fcc-9549-11f0-ac71-6eb138b48dfb_328098000.jpg,,izesitett-joghurt-280,zott jogobella élőflórás joghurt 150 g,4014500512976,670fdbfca1b61551859c7035,https://wolt-menu-images-cdn.wolt.com/menu-images/66544565d6a91b4d1392d750/c9bb5fcc-9549-11f0-ac71-6eb138b48dfb_328098000.jpg,izesitett-joghurt-280,izesitett-joghurt,151.0
Spar,670fdbfca1b61551859c6d59,Zott Jogobella élőflórás joghurt 150 g,,True,,4014500512990,151.0,g,150.0,False,,,,,https://wolt-menu-images-cdn.wolt.com/menu-images/66544565d6a91b4d1392d750/b2a2e652-9549-11f0-9877-0e83118a0f9e_230361001.jpg,,izesitett-joghurt-280,zott jogobella élőflórás joghurt 150 g,4014500512990,670fdbfca1b61551859c6d59,https://wolt-menu-images-cdn.wolt.com/menu-images/66544565d6a91b4d1392d750/b2a2e652-9549-11f0-9877-0e83118a0f9e_230361001.jpg,izesitett-joghurt-280,izesitett-joghurt,151.0
Spar,68d30ba05f1e50d78a105d15,Zott Jogobella élőflórás joghurt 150 g,,True,,4014500513928,151.0,g,150.0,False,,,,,https://imageproxy.wolt.com/assets/689b6ba587a8f04a4a7d75ad,,izesitett-joghurt-280,zott jogobella élőflórás joghurt 150 g,4014500513928,68d30ba05f1e50d78a105d15,https://imageproxy.wolt.com/assets/689b6ba587a8f04a4a7d75ad,izesitett-joghurt-280,izesitett-joghurt,151.0
Spar,670fdbfca1b61551859c75c1,Zott Jogobella élőflórás joghurt 400 g,,True,,4014500512914,357.0,g,400.0,False,,,,,https://wolt-menu-images-cdn.wolt.com/menu-images/66544565d6a91b4d1392d750/fe20d7c4-9549-11f0-9fe1-02dd9fbefa53_432645008.jpg,,izesitett-joghurt-280,zott jogobella élőflórás joghurt 400 g,4014500512914,670fdbfca1b61551859c75c1,https://wolt-menu-images-cdn.wolt.com/menu-images/66544565d6a91b4d1392d750/fe20d7c4-9549-11f0-9fe1-02dd9fbefa53_432645008.jpg,izesitett-joghurt-280,izesitett-joghurt,357.0
Spar,670fdbfca1b61551859c7460,Zott Jogobella élőflórás joghurt 400 g,,True,,4014500513010,357.0,g,400.0,False,,,,,https://wolt-menu-images-cdn.wolt.com/menu-images/66544565d6a91b4d1392d750/ef68d1f0-9549-11f0-818c-d6880c8cce6c_408151007.jpg,,izesitett-joghurt-280,zott jogobella élőflórás joghurt 400 g,4014500513010,670fdbfca1b61551859c7460,https://wolt-menu-images-cdn.wolt.com/menu-images/66544565d6a91b4d1392d750/ef68d1f0-9549-11f0-818c-d6880c8cce6c_408151007.jpg,izesitett-joghurt-280,izesitett-joghurt,357.0
Spar,670fdbfca1b61551859c77e0,Zott Jogobella élőflórás joghurt 400 g,,True,,4014500516363,357.0,g,400.0,False,,,,,https://wolt-menu-images-cdn.wolt.com/menu-images/66544565d6a91b4d1392d750/0ebab604-954a-11f0-ac8b-f6c90d5a7ab9_482104005.jpg,,izesitett-joghurt-280,zott jogobella élőflórás joghurt 400 g,4014500516363,670fdbfca1b61551859c77e0,https://wolt-menu-images-cdn.wolt.com/menu-images/66544565d6a91b4d1392d750/0ebab604-954a-11f0-ac8b-f6c90d5a7ab9_482104005.jpg,izesitett-joghurt-280,izesitett-joghurt,357.0
