barcode,name
5998150510133.0,Akácméz 250 g
5998150512502.0,Akácméz 250 g
5998035100244.0,Akácméz 900 g
5998150510072.0,Akácméz 900 g
5998817312964.0,"Arany Ászok tradicionális világos sör 4,3% 0,5 l"
5998817312971.0,"Arany Ászok tradicionális világos sör 4,3% 0,5 l"
5998858706562.0,Biopont bio gluténmentes sóspálcika 45 g
5998858706579.0,Biopont bio gluténmentes sóspálcika 45 g
59969921.0,"Borsodi világos sör 4,5% 0,5 l"
5998817520567.0,"Borsodi világos sör 4,5% 0,5 l"
8001300223016.0,DESPAR paradicsompüré 690 g
8001300223078.0,DESPAR paradicsompüré 690 g
5997381373197.0,Dr. Oetker Vitalis csokoládés rizskása alappor 52 g
5997381376389.0,Dr. Oetker Vitalis csokoládés rizskása alappor 52 g
5998817312063.0,"Dreher Gold minőségi világos sör 5% 0,5 l"
5998817313015.0,"Dreher Gold minőségi világos sör 5% 0,5 l"
5999555260104.0,Félbarna kenyér 500 g
5999555260142.0,Félbarna kenyér 500 g
5997505321400.0,Gárdonyi Teaház gyümölcstea válogatás 20 filter 40 g
5997505321608.0,Gárdonyi Teaház gyümölcstea válogatás 20 filter 40 g
9008700179003.0,Hey-Ho almaital 1 l
9008700179102.0,Hey-Ho almaital 1 l
9008700179027.0,Hey-Ho őszibarackital 1 l
9008700179140.0,Hey-Ho őszibarackital 1 l
5999881815269.0,Juhász Egri Bikavér száraz vörösbor 13% 750 ml
5999881815740.0,Juhász Egri Bikavér száraz vörösbor 13% 750 ml
5998817313404.0,"Kőbányai világos sör 4,3% 0,5 l"
5998817313442.0,"Kőbányai világos sör 4,3% 0,5 l"
4000539397240.0,Lindt Lindor tejcsokoládé lágyan olvadó töltelékkel 38 g
4000539397585.0,Lindt Lindor tejcsokoládé lágyan olvadó töltelékkel 38 g
5998003124043.0,PICK szeletelt eredeti téliszalámi 70 g
5998003124104.0,PICK szeletelt eredeti téliszalámi 70 g
8594404023380.0,"Pilsner Urquell minőségi világos sör 4,4% 0,5 l"
8594404110110.0,"Pilsner Urquell minőségi világos sör 4,4% 0,5 l"
5999033873536.0,REGNUM szeletelt prágai sonka 100 g
5999033899598.0,REGNUM szeletelt prágai sonka 100 g
5999033800402.0,S-Budget sertés darálthús 900 g
5999033810241.0,S-Budget sertés darálthús 900 g
9100000441207.0,SPAR Natur*pur Bio zabpehely 500 g
9100000441221.0,SPAR Natur*pur Bio zabpehely 500 g
5998817530986.0,"Staropramen Dark minőségi barna sör 4,4% 0,5 l"
8593868002283.0,"Staropramen Dark minőségi barna sör 4,4% 0,5 l"
5998817522271.0,"Stella Artois minőségi világos sör 5% 0,33 l"
5998817531181.0,"Stella Artois minőségi világos sör 5% 0,33 l"
5997973108725.0,Sóland Himalája étkezési kristálysó 1 kg
5997973113613.0,Sóland Himalája étkezési kristálysó 1 kg
4046234921076.0,Tchibo Cafissimo Caffè Crema Rich Aroma kávékapszula 30 db 228 g
4061445355267.0,Tchibo Cafissimo Caffè Crema Rich Aroma kávékapszula 30 db 228 g
5999136650935.0,Törley alkoholmentes borból készült habzó ital 750 ml
5999136650942.0,Törley alkoholmentes borból készült habzó ital 750 ml
5998150520132.0,Virágméz 250 g
5998150522501.0,Virágméz 250 g
5998035100046.0,Virágméz 900 g
5998150520071.0,Virágméz 900 g
4014500504520.0,Zott Jogobella joghurtos ital 250 g
4014500504537.0,Zott Jogobella joghurtos ital 250 g
4014500517360.0,Zott Jogobella laktózmentes élőflórás joghurt 150 g
4014500518855.0,Zott Jogobella laktózmentes élőflórás joghurt 150 g
4014500512907.0,Zott Jogobella élőflórás joghurt 150 g
4014500512976.0,Zott Jogobella élőflórás joghurt 150 g
4014500512990.0,Zott Jogobella élőflórás joghurt 150 g
4014500513928.0,Zott Jogobella élőflórás joghurt 150 g
4014500512914.0,Zott Jogobella élőflórás joghurt 400 g
4014500513010.0,Zott Jogobella élőflórás joghurt 400 g
4014500516363.0,Zott Jogobella élőflórás joghurt 400 g
